{
  "winner": "best.pt",
  "vs_random": 0.7275,
  "vs_value": 0.81875,
  "vs_strategic": 0.97875,
  "vs_mixed": 0.6,
  "blend": 0.8272499999999999
}